{
  "id": "ds7k-compendium",
  "title": "DS7k Compendium",
  "version": "1.0.0",
  "compatibility": {
    "minimum": "11",
    "verified": "12"
  },
  "relationships": {
    "recommends": [
      {
        "id": "swade-core-rules",
        "type": "module",
        "compatibility": {}
      }
    ]
  },
  "description": "Compendium for use with the Death Space 7000 setting for Savage Worlds.",
  "authors": [
    {
      "name": "Ken Wright",
      "email": "gnurd0@gmail.com",
      "url": "https://www.drivethrurpg.com/en/browse?author=%22Ken%20Wright%22",
      "flags": {}
    }
  ],
  "url": "https://www.drivethrurpg.com/en/product/487064/death-space-7000",
  "packs": [
    {
      "name": "ds7k-compendium",
      "label": "DS7k Actor Compendium",
      "path": "packs/ds7k-compendium",
      "type": "Actor",
      "system": "swade",
      "ownership": {
        "PLAYER": "OBSERVER",
        "ASSISTANT": "OWNER"
      }
    },
    {
      "name": "ds7k-ancestries",
      "label": "DS7k Ancestries",
      "path": "packs/ds7k-ancestries",
      "type": "Item",
      "ownership": {
        "PLAYER": "OBSERVER",
        "ASSISTANT": "OWNER"
      },
      "system": "swade"
    },
    {
      "name": "ds7k-archetypes",
      "label": "DS7k Archetypes",
      "path": "packs/ds7k-archetypes",
      "type": "Item",
      "ownership": {
        "PLAYER": "OBSERVER",
        "ASSISTANT": "OWNER"
      },
      "system": "swade"
    },
    {
      "name": "ds7k-misc-items",
      "label": "DS7k Misc Items",
      "path": "packs/ds7k-misc-items",
      "type": "Item",
      "ownership": {
        "PLAYER": "OBSERVER",
        "ASSISTANT": "OWNER"
      },
      "system": "swade"
    }
  ]
}